fold,probe_id
1,200011_s_at
1,200934_at
1,201398_s_at
1,201802_at
1,202652_at
1,202922_at
1,203001_s_at
1,203038_at
1,203200_s_at
1,204001_at
1,204012_s_at
1,204568_at
1,204764_at
1,204775_at
1,205163_at
1,205193_at
1,205347_s_at
1,205379_at
1,205602_x_at
1,205867_at
1,205963_s_at
1,206075_s_at
1,206229_x_at
1,206340_at
1,206373_at
1,206415_at
1,206459_s_at
1,206487_at
1,206695_x_at
1,207015_s_at
1,207134_x_at
1,207481_at
1,207695_s_at
1,208338_at
1,208854_s_at
1,208926_at
1,209035_at
1,209051_s_at
1,209474_s_at
1,209498_at
1,209601_at
1,209686_at
1,209838_at
1,209860_s_at
1,210084_x_at
1,211425_x_at
1,211620_x_at
1,212431_at
1,212711_at
1,213838_at
1,214231_s_at
1,214960_at
1,215233_at
1,215240_at
1,215324_at
1,215339_at
1,215742_at
1,215746_at
1,215943_at
1,216167_at
1,216313_at
1,216396_s_at
1,216740_at
1,216786_at
1,217254_s_at
1,217352_at
1,217498_at
1,217609_at
1,218390_s_at
1,218399_s_at
1,218435_at
1,219005_at
1,219051_x_at
1,219730_at
1,219951_s_at
1,220281_at
1,220837_at
1,220907_at
1,221363_x_at
1,221383_at
1,221424_s_at
1,221650_s_at
1,222228_s_at
1,AFFX-r2-Bs-lys-3_at
2,200011_s_at
2,203702_s_at
2,204012_s_at
2,204568_at
2,206194_at
2,206373_at
2,209644_x_at
2,213029_at
2,214431_at
2,214746_s_at
2,217744_s_at
2,219051_x_at
3,200011_s_at
3,200052_s_at
3,201663_s_at
3,203702_s_at
3,204012_s_at
3,204568_at
3,204825_at
3,205225_at
3,205347_s_at
3,206373_at
3,209644_x_at
3,212220_at
3,212330_at
3,214431_at
3,215233_at
3,219051_x_at
3,221524_s_at
4,200011_s_at
4,203702_s_at
4,204012_s_at
4,204775_at
4,204825_at
4,205225_at
4,205347_s_at
4,206373_at
4,208854_s_at
4,212330_at
4,212431_at
4,214746_s_at
4,217744_s_at
4,219051_x_at
5,203038_at
5,204012_s_at
5,204544_at
5,204750_s_at
5,204775_at
5,204825_at
5,205347_s_at
5,206373_at
5,209644_x_at
5,209747_at
5,210084_x_at
5,214109_at
5,214746_s_at
5,219051_x_at
5,221524_s_at
6,200011_s_at
6,200052_s_at
6,203930_s_at
6,204012_s_at
6,204825_at
6,205225_at
6,205347_s_at
6,205683_x_at
6,206373_at
6,209122_at
6,209747_at
6,212330_at
6,214431_at
6,217744_s_at
6,219051_x_at
7,200011_s_at
7,200876_s_at
7,200934_at
7,203038_at
7,203375_s_at
7,203456_at
7,203916_at
7,204001_at
7,204012_s_at
7,204400_at
7,204544_at
7,204568_at
7,204775_at
7,205163_at
7,205234_at
7,205347_s_at
7,205910_s_at
7,205992_s_at
7,206042_x_at
7,206075_s_at
7,206189_at
7,206373_at
7,206524_at
7,206957_at
7,207015_s_at
7,207168_s_at
7,207454_at
7,207481_at
7,208022_s_at
7,208375_at
7,208732_at
7,208800_at
7,208818_s_at
7,208854_s_at
7,209035_at
7,209051_s_at
7,209644_x_at
7,209686_at
7,210084_x_at
7,210709_at
7,211103_at
7,211425_x_at
7,211620_x_at
7,212315_s_at
7,212431_at
7,213233_s_at
7,213808_at
7,214231_s_at
7,214960_at
7,215233_at
7,215339_at
7,215403_at
7,215825_at
7,215900_at
7,215943_at
7,215969_at
7,216313_at
7,217254_s_at
7,217328_at
7,217352_at
7,217416_x_at
7,217609_at
7,217996_at
7,218350_s_at
7,218651_s_at
7,218739_at
7,218902_at
7,219005_at
7,219051_x_at
7,220123_at
7,220221_at
7,220281_at
7,220811_at
7,220837_at
7,221363_x_at
7,221383_at
7,221650_s_at
7,222076_at
7,89948_at
7,AFFX-r2-Bs-thr-M_s_at
8,200011_s_at
8,200737_at
8,200934_at
8,200982_s_at
8,202583_s_at
8,203456_at
8,203538_at
8,203613_s_at
8,203778_at
8,204001_at
8,204012_s_at
8,204120_s_at
8,204400_at
8,204544_at
8,204764_at
8,204802_at
8,205163_at
8,205229_s_at
8,205347_s_at
8,205602_x_at
8,205963_s_at
8,205992_s_at
8,206065_s_at
8,206075_s_at
8,206194_at
8,206373_at
8,206415_at
8,206487_at
8,206952_at
8,207168_s_at
8,207456_at
8,207695_s_at
8,208022_s_at
8,208549_x_at
8,208854_s_at
8,209035_at
8,209051_s_at
8,209832_s_at
8,210084_x_at
8,210118_s_at
8,210661_at
8,211425_x_at
8,211466_at
8,211901_s_at
8,212257_s_at
8,212431_at
8,212584_at
8,212757_s_at
8,213734_at
8,213838_at
8,214279_s_at
8,214776_x_at
8,214878_at
8,214960_at
8,215216_at
8,215233_at
8,215240_at
8,215746_at
8,215943_at
8,216078_at
8,216370_s_at
8,216740_at
8,217160_at
8,217340_at
8,217363_x_at
8,217609_at
8,217744_s_at
8,217996_at
8,218350_s_at
8,218528_s_at
8,218592_s_at
8,219005_at
8,219051_x_at
8,219185_at
8,219719_at
8,219730_at
8,219800_s_at
8,220140_s_at
8,220238_s_at
8,220281_at
8,220497_at
8,220811_at
8,220820_at
8,221363_x_at
8,221383_at
8,221524_s_at
8,221736_at
8,222228_s_at
8,47553_at
8,89948_at
8,AFFX-r2-Bs-lys-3_at
9,200011_s_at
9,200052_s_at
9,204012_s_at
9,204568_at
9,204775_at
9,205347_s_at
9,206373_at
9,209644_x_at
9,210084_x_at
9,212330_at
9,213029_at
9,214431_at
9,214746_s_at
9,217744_s_at
9,219051_x_at
10,203702_s_at
10,204012_s_at
10,204775_at
10,204825_at
10,205683_x_at
10,206194_at
10,206373_at
10,209122_at
10,209644_x_at
10,209747_at
10,210084_x_at
10,214431_at
10,214746_s_at
10,219051_x_at
